{
  "episode_rewards": [
    772.2404255319025,
    695.3545454545308,
    773.5842105263,
    896.1406015037398,
    912.2999999999832,
    476.412455516,
    742.1712933753817,
    727.6153558052312,
    800.5622516556186,
    649.8999999999884,
    188.96250000000452,
    881.31263940519,
    625.1396166134068,
    515.5351791530827,
    10.289610389609468
  ],
  "mean": 644.5013789953314,
  "std": 247.99414342198145
}